{"cameraMode":{"drawMode":0,"name":"Shaded","section":"Shading Mode"},"sceneLighting":true,"audioPlay":false,"sceneViewState":{"showFog":true,"showMaterialUpdate":false,"showSkybox":true,"showFlares":true,"showImageEffects":true,"showParticleSystems":true},"in2DMode":false,"pivot":{"x":482.7110900878906,"y":294.2991943359375,"z":-350.09100341796877},"rotation":{"x":-0.024299832060933114,"y":-0.02459343709051609,"z":0.0005980777204968035,"w":-0.9994019865989685},"size":508.83258056640627,"orthographic":false}